{
  "appConfig": {},
  "keepWaitingPipelines": false,
  "lastModifiedBy": "admin@alcspintest.com",
  "limitConcurrent": true,
  "parameterConfig": [
    {
      "default": "test7",
      "description": "Terraform Workspace",
      "hasOptions": false,
      "label": "",
      "name": "workspace",
      "options": [
        {
          "value": ""
        }
      ],
      "pinned": true,
      "required": true
    },
    {
      "default": "alchen99/terraform-samples",
      "description": "GitHub Organization/Repo",
      "hasOptions": false,
      "label": "",
      "name": "orgRepo",
      "options": [
        {
          "value": ""
        }
      ],
      "pinned": true,
      "required": true
    },
    {
      "default": "master",
      "description": "GitHub branch",
      "hasOptions": false,
      "label": "",
      "name": "branch",
      "options": [
        {
          "value": ""
        }
      ],
      "pinned": true,
      "required": true
    },
    {
      "default": "training2",
      "description": "Subdirectory. in GitHub",
      "hasOptions": false,
      "label": "",
      "name": "subdir",
      "options": [
        {
          "value": ""
        }
      ],
      "pinned": true,
      "required": true
    },
    {
      "default": "training-dev-bucket-7",
      "description": "Name of S3 bucket to create",
      "hasOptions": false,
      "label": "",
      "name": "createBucketName",
      "options": [
        {
          "value": ""
        }
      ],
      "pinned": true,
      "required": true
    },
    {
      "default": "Hello World",
      "description": "Welcome Message",
      "hasOptions": false,
      "label": "",
      "name": "welcome",
      "options": [
        {
          "value": ""
        }
      ],
      "pinned": true,
      "required": true
    }
  ],
  "stages": [
    {
      "action": "plan",
      "artifacts": [
        {
          "account": "gh-repo",
          "artifact": {
            "artifactAccount": "gh-repo",
            "id": "187cdb30-b3b3-4efc-9224-4e2f177eaf66",
            "reference": "https://github.com/${parameters.orgRepo}.git",
            "type": "git/repo",
            "version": "${parameters.branch}"
          }
        }
      ],
      "backendArtifact": {
        "account": "github",
        "artifact": {
          "artifactAccount": "github",
          "id": "159563b5-6739-4f73-bcf7-d04b325fb540",
          "name": "https://api.github.com/repos/${parameters.orgRepo}/contents/${parameters.subdir}/backend.tf",
          "reference": "https://api.github.com/repos/${parameters.orgRepo}/contents/${parameters.subdir}/backend.tf",
          "type": "github/file",
          "version": "${parameters.branch}"
        }
      },
      "dir": "${parameters.subdir}",
      "expectedArtifacts": [
        {
          "defaultArtifact": {
            "customKind": true,
            "id": "f018bb4d-8223-4844-a976-354be4c6f49c"
          },
          "displayName": "swift-insect-57",
          "id": "52a60a6f-9240-4dcc-ada3-322e9bc8b715",
          "matchArtifact": {
            "artifactAccount": "embedded-artifact",
            "id": "dfb77ae3-eee4-4470-bb80-a4c5dba0d057",
            "name": "planfile",
            "type": "embedded/base64"
          },
          "useDefaultArtifact": false,
          "usePriorArtifact": false
        }
      ],
      "name": "Terraform Plan",
      "overrides": {
        "s3_bucket_name": "${parameters.createBucketName}"
      },
      "refId": "1",
      "requisiteStageRefIds": [],
      "terraformVersion": "0.12.31",
      "type": "terraform",
      "workspace": "${parameters.workspace}"
    },
    {
      "failPipeline": true,
      "instructions": "Apply the Terraform Plan?",
      "judgmentInputs": [],
      "name": "Terraform Plan Manual Judgment",
      "notifications": [],
      "refId": "2",
      "requisiteStageRefIds": [
        "1"
      ],
      "type": "manualJudgment"
    },
    {
      "action": "apply",
      "artifacts": [
        {
          "account": "gh-repo",
          "artifact": {
            "artifactAccount": "gh-repo",
            "id": "4ea02cdb-bbf4-4fa4-ae3a-8a1fef229a81",
            "reference": "https://github.com/${parameters.orgRepo}.git",
            "type": "git/repo",
            "version": "${parameters.branch}"
          }
        },
        {
          "account": "",
          "id": "52a60a6f-9240-4dcc-ada3-322e9bc8b715"
        }
      ],
      "backendArtifact": {
        "account": "github",
        "artifact": {
          "artifactAccount": "github",
          "id": "43114979-053d-4622-bb0c-fce7f59c8e7f",
          "name": "https://api.github.com/repos/${parameters.orgRepo}/contents/${parameters.subdir}/backend.tf",
          "reference": "https://api.github.com/repos/${parameters.orgRepo}/contents/${parameters.subdir}/backend.tf",
          "type": "github/file",
          "version": "${parameters.branch}"
        }
      },
      "dir": "${parameters.subdir}",
      "expectedArtifacts": [],
      "name": "Terraform Apply",
      "overrides": {},
      "refId": "3",
      "requisiteStageRefIds": [
        "2"
      ],
      "terraformVersion": "0.12.31",
      "type": "terraform",
      "workspace": "${parameters.workspace}"
    },
    {
      "action": "output",
      "artifacts": [
        {
          "account": "gh-repo",
          "artifact": {
            "artifactAccount": "gh-repo",
            "id": "8a6ce233-fc6f-4313-81ab-c04f20163615",
            "reference": "https://github.com/${parameters.orgRepo}.git",
            "type": "git/repo",
            "version": "${parameters.branch}"
          }
        },
        {
          "account": "",
          "id": "52a60a6f-9240-4dcc-ada3-322e9bc8b715"
        }
      ],
      "backendArtifact": {
        "account": "github",
        "artifact": {
          "artifactAccount": "github",
          "id": "f8424082-b440-42e6-a40c-32ccc9f09411",
          "name": "https://api.github.com/repos/${parameters.orgRepo}/contents/${parameters.subdir}/backend.tf",
          "reference": "https://api.github.com/repos/${parameters.orgRepo}/contents/${parameters.subdir}/backend.tf",
          "type": "github/file",
          "version": "${parameters.branch}"
        }
      },
      "dir": "${parameters.subdir}",
      "name": "Terraform Output",
      "overrides": {},
      "refId": "4",
      "requisiteStageRefIds": [
        "3"
      ],
      "terraformVersion": "0.12.31",
      "type": "terraform"
    },
    {
      "account": "runjob",
      "alias": "runJob",
      "application": "terraformer",
      "cloudProvider": "kubernetes",
      "consumeArtifactSource": "propertyFile",
      "credentials": "runjob",
      "expectedArtifacts": [],
      "manifest": {
        "apiVersion": "batch/v1",
        "kind": "Job",
        "metadata": {
          "generateName": "welcome-",
          "namespace": "runjob"
        },
        "spec": {
          "backoffLimit": 0,
          "template": {
            "metadata": {
              "name": "welcome"
            },
            "spec": {
              "containers": [
                {
                  "command": [
                    "/bin/sh",
                    "-c",
                    "wget https://gist.githubusercontent.com/alchen99/d222f873b9e4b05339e0dedbf57a5a5e/raw/ad6c103d553c262af11af7b283eb6f0c4d2aaed5/nginx.stub;  sed -e 's/CHANGEME/${parameters.welcome}/g' nginx.stub > index.nginx-debian.html;   aws s3 cp index.nginx-debian.html s3://${parameters.createBucketName}/index.nginx-debian.html;   echo '#!/bin/bash' > userdata.txt;  echo 'sudo aws s3 cp s3://${parameters.createBucketName}/index.nginx-debian.html /var/www/html/index.nginx-debian.html' >> userdata.txt;  echo 'sudo service nginx start' >> userdata.txt; ls -l;  echo SPINNAKER_PROPERTY_B64USERDATA=\"`cat userdata.txt | base64 -w 0`\""
                  ],
                  "image": "alchen99/k8s-debug:latest",
                  "name": "welcome"
                }
              ],
              "restartPolicy": "Never"
            }
          },
          "ttlSecondsAfterFinished": 600
        }
      },
      "name": "Run Job Create File and Copy to S3",
      "propertyFile": "welcome",
      "refId": "5",
      "requisiteStageRefIds": [
        "4"
      ],
      "source": "text",
      "type": "runJobManifest"
    },
    {
      "amiName": "nginx-test",
      "baseLabel": "release",
      "baseOs": "focal",
      "cloudProviderType": "aws",
      "extendedAttributes": {
        "aws_associate_public_ip_address": "false",
        "aws_ena_support": "true"
      },
      "name": "Bake",
      "package": "awscli nginx",
      "refId": "6",
      "regions": [
        "us-east-1"
      ],
      "requisiteStageRefIds": [],
      "storeType": "ebs",
      "type": "bake",
      "user": "admin@alcspintest.com",
      "vmType": "hvm"
    },
    {
      "clusters": [
        {
          "account": "ps-dev",
          "application": "terraformer",
          "associatePublicIpAddress": true,
          "availabilityZones": {
            "us-east-1": [
              "us-east-1a",
              "us-east-1b",
              "us-east-1c",
              "us-east-1d",
              "us-east-1e",
              "us-east-1f"
            ]
          },
          "base64UserData": "${vmuserdata}",
          "capacity": {
            "desired": 1,
            "max": 1,
            "min": 1
          },
          "cloudProvider": "aws",
          "cooldown": 10,
          "copySourceCustomBlockDeviceMappings": false,
          "delayBeforeDisableSec": 0,
          "delayBeforeScaleDownSec": "5",
          "ebsOptimized": true,
          "enabledMetrics": [],
          "freeFormDetails": "alc",
          "healthCheckGracePeriod": 600,
          "healthCheckType": "EC2",
          "iamRole": "BaseIAMRole",
          "instanceMonitoring": false,
          "instanceType": "t3.nano",
          "interestingHealthProviderNames": [
            "Amazon"
          ],
          "keyPair": "alc-spin",
          "loadBalancers": [],
          "maxRemainingAsgs": 2,
          "moniker": {
            "app": "terraformer",
            "detail": "alc",
            "stack": "training"
          },
          "provider": "aws",
          "rollback": {
            "onFailure": true
          },
          "scaleDown": true,
          "securityGroups": [
            "sg-0f4a52341b94f21b9"
          ],
          "spotPrice": "",
          "stack": "training",
          "strategy": "redblack",
          "subnetType": "armory-spin-alc-dev-public-kb3o3el4g4",
          "suspendedProcesses": [],
          "tags": {
            "owner": "alice@armory.io"
          },
          "targetGroups": [],
          "targetHealthyDeployPercentage": 100,
          "terminationPolicies": [
            "Default"
          ],
          "useAmiBlockDeviceMappings": false
        }
      ],
      "name": "Deploy",
      "refId": "7",
      "requisiteStageRefIds": [
        "6",
        "8"
      ],
      "type": "deploy"
    },
    {
      "failOnFailedExpressions": true,
      "name": "Evaluate Variables",
      "refId": "8",
      "requisiteStageRefIds": [
        "5"
      ],
      "type": "evaluateVariables",
      "variables": [
        {
          "key": "vmuserdata",
          "value": "${#stage('Run Job Create File and Copy to S3').outputs.b64userdata}"
        }
      ]
    },
    {
      "failPipeline": true,
      "instructions": "Do you want to cleanup?",
      "judgmentInputs": [],
      "name": "Cleanup Manual Judgment",
      "notifications": [],
      "refId": "9",
      "requisiteStageRefIds": [
        "7"
      ],
      "type": "manualJudgment"
    },
    {
      "allowScaleDownActive": true,
      "cloudProvider": "aws",
      "cloudProviderType": "aws",
      "cluster": "terraformer-training-alc",
      "credentials": "ps-dev",
      "moniker": {
        "app": "terraformer",
        "cluster": "terraformer-training-alc",
        "detail": "alc",
        "stack": "training"
      },
      "name": "Scale Down Cluster All Clusters",
      "preferLargerOverNewer": "false",
      "refId": "10",
      "regions": [
        "us-east-1"
      ],
      "remainingFullSizeServerGroups": 0,
      "requisiteStageRefIds": [
        "9"
      ],
      "type": "scaleDownCluster"
    },
    {
      "action": "plan",
      "artifacts": [
        {
          "account": "gh-repo",
          "artifact": {
            "artifactAccount": "gh-repo",
            "id": "750b04ae-c85d-42a3-90e9-1926ac608d35",
            "reference": "https://github.com/${parameters.orgRepo}.git",
            "type": "git/repo",
            "version": "${parameters.branch}"
          }
        }
      ],
      "backendArtifact": {
        "account": "github",
        "artifact": {
          "artifactAccount": "github",
          "id": "401ca8a1-9737-4794-ad38-b3a4b2e93a06",
          "name": "https://api.github.com/repos/${parameters.orgRepo}/contents/${parameters.subdir}/backend.tf",
          "reference": "https://api.github.com/repos/${parameters.orgRepo}/contents/${parameters.subdir}/backend.tf",
          "type": "github/file",
          "version": "${parameters.branch}"
        }
      },
      "dir": "${parameters.subdir}",
      "expectedArtifacts": [
        {
          "defaultArtifact": {
            "customKind": true,
            "id": "0180047d-5984-464b-9379-babdbbbec9ad"
          },
          "displayName": "lucky-chicken-98",
          "id": "5001aba2-bf4b-4dcd-a676-a4e5ec2cac06",
          "matchArtifact": {
            "artifactAccount": "embedded-artifact",
            "id": "52d9dafd-18f5-4ff5-8ec0-0a743da39e70",
            "name": "planfile",
            "type": "embedded/base64"
          },
          "useDefaultArtifact": false,
          "usePriorArtifact": false
        }
      ],
      "name": "Terraform Plan Destroy",
      "overrides": {
        "s3_bucket_name": "${parameters.createBucketName}"
      },
      "planForDestroy": true,
      "refId": "11",
      "requisiteStageRefIds": [
        "14"
      ],
      "terraformVersion": "0.12.31",
      "type": "terraform",
      "workspace": "${parameters.workspace}"
    },
    {
      "action": "destroy",
      "artifacts": [
        {
          "account": "gh-repo",
          "artifact": {
            "artifactAccount": "gh-repo",
            "id": "1bf69751-f0a4-4395-9cd7-81757cdf15e5",
            "reference": "https://github.com/${parameters.orgRepo}.git",
            "type": "git/repo",
            "version": "${parameters.branch}"
          }
        },
        {
          "account": "",
          "id": "5001aba2-bf4b-4dcd-a676-a4e5ec2cac06"
        }
      ],
      "backendArtifact": {
        "account": "github",
        "artifact": {
          "artifactAccount": "github",
          "id": "bf4f6e89-6ad4-475b-8574-7bc4b308d646",
          "name": "https://api.github.com/repos/${parameters.orgRepo}/contents/${parameters.subdir}/backend.tf",
          "reference": "https://api.github.com/repos/${parameters.orgRepo}/contents/${parameters.subdir}/backend.tf",
          "type": "github/file",
          "version": "${parameters.branch}"
        }
      },
      "dir": "${parameters.subdir}",
      "name": "Terraform Destroy",
      "overrides": {},
      "refId": "12",
      "requisiteStageRefIds": [
        "13"
      ],
      "terraformVersion": "0.12.31",
      "type": "terraform",
      "workspace": "${parameters.workspace}"
    },
    {
      "failPipeline": true,
      "instructions": "Apply the Terraform Plan to destroy ${parameters.createBucketName}?",
      "judgmentInputs": [],
      "name": "Terraform Plan Destroy Manual Judgment",
      "notifications": [],
      "refId": "13",
      "requisiteStageRefIds": [
        "11"
      ],
      "type": "manualJudgment"
    },
    {
      "account": "runjob",
      "alias": "runJob",
      "application": "terraformer",
      "cloudProvider": "kubernetes",
      "credentials": "runjob",
      "manifest": {
        "apiVersion": "batch/v1",
        "kind": "Job",
        "metadata": {
          "generateName": "emptybucket-",
          "namespace": "runjob"
        },
        "spec": {
          "backoffLimit": 0,
          "template": {
            "metadata": {
              "name": "emptybucket"
            },
            "spec": {
              "containers": [
                {
                  "command": [
                    "/bin/sh",
                    "-c",
                    "aws s3 rm s3://${parameters.createBucketName} --recursive"
                  ],
                  "image": "alchen99/k8s-debug:latest",
                  "name": "emptybucket"
                }
              ],
              "restartPolicy": "Never"
            }
          },
          "ttlSecondsAfterFinished": 600
        }
      },
      "name": "Run Job Empty Bucket",
      "refId": "14",
      "requisiteStageRefIds": [
        "10"
      ],
      "source": "text",
      "type": "runJobManifest"
    }
  ],
  "triggers": [],
  "updateTs": "1643668307000"
}
